axis_index,slot_id,bridge_path,value,candidate_count,assigned_unique,target_id,score,match_kind,bridge_value,native_value,layer,npz,member,shape,margin_to_second
5,5,$.entries[5],0.30103461970312484,13,True,skeletal::cache\cranium_fce_head_features.npz::headers_skeletal.npy::bs_coronal_NN_SXX_D_U,1525,exact,bs_coronal_NN_SXX_D_U,bs_coronal_NN_SXX_D_U,skeletal,cache\cranium_fce_head_features.npz,headers_skeletal.npy,[232],0
6,6,$.entries[6],0.30457530402448985,13,True,skeletal::cache\cranium_fce_head_features.npz::headers_skeletal.npy::bs_coronal_NN_SXX_B_F,1525,exact,bs_coronal_NN_SXX_B_F,bs_coronal_NN_SXX_B_F,skeletal,cache\cranium_fce_head_features.npz,headers_skeletal.npy,[232],0
7,7,$.entries[7],-0.36663148235720644,13,True,skeletal::cache\cranium_fce_head_features.npz::headers_skeletal.npy::bs_coronal_NN_SXX_SL_SR,1525,exact,bs_coronal_NN_SXX_SL_SR,bs_coronal_NN_SXX_SL_SR,skeletal,cache\cranium_fce_head_features.npz,headers_skeletal.npy,[232],0
8,8,$.entries[8],-8.511067801307756e-07,13,True,skeletal::cache\cranium_fce_head_features.npz::headers_skeletal.npy::bs_coronal_NN_SXX_R,1525,exact,bs_coronal_NN_SXX_R,bs_coronal_NN_SXX_R,skeletal,cache\cranium_fce_head_features.npz,headers_skeletal.npy,[232],0
9,9,$.entries[9],-0.011926845552038517,13,True,skeletal::cache\cranium_fce_head_features.npz::headers_skeletal.npy::bs_coronal_NN_SXX_N_W,1525,exact,bs_coronal_NN_SXX_N_W,bs_coronal_NN_SXX_N_W,skeletal,cache\cranium_fce_head_features.npz,headers_skeletal.npy,[232],0
23,23,$.entries[23],-0.15651892258049396,21,True,flesh::cache\cranium_3d_landmark_training.npz::headers.npy::mu_temporalis_NL_XXX_L_M,1525,exact,mu_temporalis_NL_XXX_L_M,mu_temporalis_NL_XXX_L_M,flesh,cache\cranium_3d_landmark_training.npz,headers.npy,[373],0
24,24,$.entries[24],-0.21555748989833298,21,True,flesh::cache\cranium_3d_landmark_training.npz::headers.npy::mu_temporalis_NR_XXX_L_M,1525,exact,mu_temporalis_NR_XXX_L_M,mu_temporalis_NR_XXX_L_M,flesh,cache\cranium_3d_landmark_training.npz,headers.npy,[373],0
25,25,$.entries[25],-0.29304384142389,21,True,fat::cache\cranium_3d_landmark_training.npz::headers.npy::fa_temporal_NL_XLX_L_M,1525,exact,fa_temporal_NL_XLX_L_M,fa_temporal_NL_XLX_L_M,fat,cache\cranium_3d_landmark_training.npz,headers.npy,[373],0
26,26,$.entries[26],0.38499740055464204,21,True,fat::cache\cranium_3d_landmark_training.npz::headers.npy::fa_temporal_NL_XLX_D_U,1525,exact,fa_temporal_NL_XLX_D_U,fa_temporal_NL_XLX_D_U,fat,cache\cranium_3d_landmark_training.npz,headers.npy,[373],0
27,27,$.entries[27],-0.29882110619291025,21,True,fat::cache\cranium_3d_landmark_training.npz::headers.npy::fa_temporal_NR_XLX_L_M,1525,exact,fa_temporal_NR_XLX_L_M,fa_temporal_NR_XLX_L_M,fat,cache\cranium_3d_landmark_training.npz,headers.npy,[373],0
28,28,$.entries[28],0.39401470148747003,21,True,fat::cache\cranium_3d_landmark_training.npz::headers.npy::fa_temporal_NR_XLX_D_U,1525,exact,fa_temporal_NR_XLX_D_U,fa_temporal_NR_XLX_D_U,fat,cache\cranium_3d_landmark_training.npz,headers.npy,[373],0
48,48,$.entries[48],-3.5037099347311373e-07,13,True,skeletal::cache\cranium_fce_head_features.npz::headers_skeletal.npy::bs_orbits_NL_SXX_D_U,1525,exact,bs_orbits_NL_SXX_D_U,bs_orbits_NL_SXX_D_U,skeletal,cache\cranium_fce_head_features.npz,headers_skeletal.npy,[232],0
49,49,$.entries[49],9.277045095962906e-07,13,True,skeletal::cache\cranium_fce_head_features.npz::headers_skeletal.npy::bs_orbits_NL_SXX_R_A,1525,exact,bs_orbits_NL_SXX_R_A,bs_orbits_NL_SXX_R_A,skeletal,cache\cranium_fce_head_features.npz,headers_skeletal.npy,[232],0
50,50,$.entries[50],4.972194768868878e-07,13,True,skeletal::cache\cranium_fce_head_features.npz::headers_skeletal.npy::bs_orbits_NL_SXX_B_F,1525,exact,bs_orbits_NL_SXX_B_F,bs_orbits_NL_SXX_B_F,skeletal,cache\cranium_fce_head_features.npz,headers_skeletal.npy,[232],0
51,51,$.entries[51],-1.4757650059210095e-07,13,True,skeletal::cache\cranium_fce_head_features.npz::headers_skeletal.npy::bs_orbits_NL_SXX_N_W,1525,exact,bs_orbits_NL_SXX_N_W,bs_orbits_NL_SXX_N_W,skeletal,cache\cranium_fce_head_features.npz,headers_skeletal.npy,[232],0
52,52,$.entries[52],-4.1376352332996977e-07,13,True,skeletal::cache\cranium_fce_head_features.npz::headers_skeletal.npy::bs_orbits_NR_SXX_D_U,1525,exact,bs_orbits_NR_SXX_D_U,bs_orbits_NR_SXX_D_U,skeletal,cache\cranium_fce_head_features.npz,headers_skeletal.npy,[232],0
53,53,$.entries[53],9.372070427050085e-07,13,True,skeletal::cache\cranium_fce_head_features.npz::headers_skeletal.npy::bs_orbits_NR_SXX_R_A,1525,exact,bs_orbits_NR_SXX_R_A,bs_orbits_NR_SXX_R_A,skeletal,cache\cranium_fce_head_features.npz,headers_skeletal.npy,[232],0
54,54,$.entries[54],5.096096214931572e-07,13,True,skeletal::cache\cranium_fce_head_features.npz::headers_skeletal.npy::bs_orbits_NR_SXX_B_F,1525,exact,bs_orbits_NR_SXX_B_F,bs_orbits_NR_SXX_B_F,skeletal,cache\cranium_fce_head_features.npz,headers_skeletal.npy,[232],0
55,55,$.entries[55],5.921190978475318e-08,13,True,skeletal::cache\cranium_fce_head_features.npz::headers_skeletal.npy::bs_orbits_NR_SXX_N_W,1525,exact,bs_orbits_NR_SXX_N_W,bs_orbits_NR_SXX_N_W,skeletal,cache\cranium_fce_head_features.npz,headers_skeletal.npy,[232],0
69,69,$.entries[69],-0.2012948404251004,21,True,flesh::cache\cranium_3d_landmark_training.npz::headers.npy::mu_corrugator_NL_XXX_L_M,1525,exact,mu_corrugator_NL_XXX_L_M,mu_corrugator_NL_XXX_L_M,flesh,cache\cranium_3d_landmark_training.npz,headers.npy,[373],0
70,70,$.entries[70],0.354159717039334,21,True,flesh::cache\cranium_3d_landmark_training.npz::headers.npy::mu_corrugator_NL_XXX_D_U,1525,exact,mu_corrugator_NL_XXX_D_U,mu_corrugator_NL_XXX_D_U,flesh,cache\cranium_3d_landmark_training.npz,headers.npy,[373],0
71,71,$.entries[71],-0.1979123985995138,21,True,flesh::cache\cranium_3d_landmark_training.npz::headers.npy::mu_corrugator_NR_XXX_L_M,1525,exact,mu_corrugator_NR_XXX_L_M,mu_corrugator_NR_XXX_L_M,flesh,cache\cranium_3d_landmark_training.npz,headers.npy,[373],0
72,72,$.entries[72],0.34908893677746256,21,True,flesh::cache\cranium_3d_landmark_training.npz::headers.npy::mu_corrugator_NR_XXX_D_U,1525,exact,mu_corrugator_NR_XXX_D_U,mu_corrugator_NR_XXX_D_U,flesh,cache\cranium_3d_landmark_training.npz,headers.npy,[373],0
73,73,$.entries[73],0.37215916043155045,21,True,flesh::cache\cranium_3d_landmark_training.npz::headers.npy::mu_procerus_NN_XXX_L_M,1525,exact,mu_procerus_NN_XXX_L_M,mu_procerus_NN_XXX_L_M,flesh,cache\cranium_3d_landmark_training.npz,headers.npy,[373],0
74,74,$.entries[74],0.032737291883982556,21,True,flesh::cache\cranium_3d_landmark_training.npz::headers.npy::mu_procerus_NN_XXX_D_U,1525,exact,mu_procerus_NN_XXX_D_U,mu_procerus_NN_XXX_D_U,flesh,cache\cranium_3d_landmark_training.npz,headers.npy,[373],0
83,83,$.entries[83],-4.997358252102357e-07,21,True,skeletal::cache\cranium_3d_landmark_training.npz::headers.npy::bs_orbits_NL_XXX_D_U,1525,exact,bs_orbits_NL_XXX_D_U,bs_orbits_NL_XXX_D_U,skeletal,cache\cranium_3d_landmark_training.npz,headers.npy,[373],0
84,84,$.entries[84],-5.3081539224449597e-08,21,True,skeletal::cache\cranium_3d_landmark_training.npz::headers.npy::bs_orbits_NL_XXX_R_A,1525,exact,bs_orbits_NL_XXX_R_A,bs_orbits_NL_XXX_R_A,skeletal,cache\cranium_3d_landmark_training.npz,headers.npy,[373],0
85,85,$.entries[85],5.834568003440046e-07,21,True,skeletal::cache\cranium_3d_landmark_training.npz::headers.npy::bs_orbits_NL_XXX_B_F,1525,exact,bs_orbits_NL_XXX_B_F,bs_orbits_NL_XXX_B_F,skeletal,cache\cranium_3d_landmark_training.npz,headers.npy,[373],0
86,86,$.entries[86],-1.7276166977797383e-07,21,True,skeletal::cache\cranium_3d_landmark_training.npz::headers.npy::bs_orbits_NL_XXX_N_W,1525,exact,bs_orbits_NL_XXX_N_W,bs_orbits_NL_XXX_N_W,skeletal,cache\cranium_3d_landmark_training.npz,headers.npy,[373],0
87,87,$.entries[87],-5.493910449369276e-07,21,True,skeletal::cache\cranium_3d_landmark_training.npz::headers.npy::bs_orbits_NR_XXX_D_U,1525,exact,bs_orbits_NR_XXX_D_U,bs_orbits_NR_XXX_D_U,skeletal,cache\cranium_3d_landmark_training.npz,headers.npy,[373],0
88,88,$.entries[88],-2.011316377411196e-07,21,True,skeletal::cache\cranium_3d_landmark_training.npz::headers.npy::bs_orbits_NR_XXX_R_A,1525,exact,bs_orbits_NR_XXX_R_A,bs_orbits_NR_XXX_R_A,skeletal,cache\cranium_3d_landmark_training.npz,headers.npy,[373],0
89,89,$.entries[89],5.962731005787881e-07,21,True,skeletal::cache\cranium_3d_landmark_training.npz::headers.npy::bs_orbits_NR_XXX_B_F,1525,exact,bs_orbits_NR_XXX_B_F,bs_orbits_NR_XXX_B_F,skeletal,cache\cranium_3d_landmark_training.npz,headers.npy,[373],0
90,90,$.entries[90],-3.8454744268134216e-09,21,True,skeletal::cache\cranium_3d_landmark_training.npz::headers.npy::bs_orbits_NR_XXX_N_W,1525,exact,bs_orbits_NR_XXX_N_W,bs_orbits_NR_XXX_N_W,skeletal,cache\cranium_3d_landmark_training.npz,headers.npy,[373],0
91,91,$.entries[91],0.3603035861528117,13,True,flesh::cache\cranium_fce_head_features.npz::headers_flesh.npy::fl_epicanthic_NL_XCX_D_U,1525,exact,fl_epicanthic_NL_XCX_D_U,fl_epicanthic_NL_XCX_D_U,flesh,cache\cranium_fce_head_features.npz,headers_flesh.npy,[232],0
92,92,$.entries[92],-0.22353205883946067,13,True,flesh::cache\cranium_fce_head_features.npz::headers_flesh.npy::fl_epicanthic_NL_XCX_R_A,1525,exact,fl_epicanthic_NL_XCX_R_A,fl_epicanthic_NL_XCX_R_A,flesh,cache\cranium_fce_head_features.npz,headers_flesh.npy,[232],0
93,93,$.entries[93],-0.32262581368964754,13,True,flesh::cache\cranium_fce_head_features.npz::headers_flesh.npy::fl_epicanthic_NL_XCX_B_F,1525,exact,fl_epicanthic_NL_XCX_B_F,fl_epicanthic_NL_XCX_B_F,flesh,cache\cranium_fce_head_features.npz,headers_flesh.npy,[232],0
94,94,$.entries[94],-0.16622434373266723,13,True,flesh::cache\cranium_fce_head_features.npz::headers_flesh.npy::fl_epicanthic_NL_XCX_N_W,1525,exact,fl_epicanthic_NL_XCX_N_W,fl_epicanthic_NL_XCX_N_W,flesh,cache\cranium_fce_head_features.npz,headers_flesh.npy,[232],0
95,95,$.entries[95],0.34909787799039355,13,True,flesh::cache\cranium_fce_head_features.npz::headers_flesh.npy::fl_epicanthic_NR_XCX_D_U,1525,exact,fl_epicanthic_NR_XCX_D_U,fl_epicanthic_NR_XCX_D_U,flesh,cache\cranium_fce_head_features.npz,headers_flesh.npy,[232],0
96,96,$.entries[96],-0.2412714618796029,13,True,flesh::cache\cranium_fce_head_features.npz::headers_flesh.npy::fl_epicanthic_NR_XCX_R_A,1525,exact,fl_epicanthic_NR_XCX_R_A,fl_epicanthic_NR_XCX_R_A,flesh,cache\cranium_fce_head_features.npz,headers_flesh.npy,[232],0
97,97,$.entries[97],-0.3189221605485842,13,True,flesh::cache\cranium_fce_head_features.npz::headers_flesh.npy::fl_epicanthic_NR_XCX_B_F,1525,exact,fl_epicanthic_NR_XCX_B_F,fl_epicanthic_NR_XCX_B_F,flesh,cache\cranium_fce_head_features.npz,headers_flesh.npy,[232],0
98,98,$.entries[98],-0.13183386271510258,13,True,flesh::cache\cranium_fce_head_features.npz::headers_flesh.npy::fl_epicanthic_NR_XCX_N_W,1525,exact,fl_epicanthic_NR_XCX_N_W,fl_epicanthic_NR_XCX_N_W,flesh,cache\cranium_fce_head_features.npz,headers_flesh.npy,[232],0
99,99,$.entries[99],0.14362147825795352,13,True,flesh::cache\cranium_fce_head_features.npz::headers_flesh.npy::fl_epicanthic_NL_XLX_D_U,1525,exact,fl_epicanthic_NL_XLX_D_U,fl_epicanthic_NL_XLX_D_U,flesh,cache\cranium_fce_head_features.npz,headers_flesh.npy,[232],0
100,100,$.entries[100],0.3243383432421864,13,True,flesh::cache\cranium_fce_head_features.npz::headers_flesh.npy::fl_epicanthic_NL_XLX_R_A,1525,exact,fl_epicanthic_NL_XLX_R_A,fl_epicanthic_NL_XLX_R_A,flesh,cache\cranium_fce_head_features.npz,headers_flesh.npy,[232],0
101,101,$.entries[101],-0.02145616543377854,13,True,flesh::cache\cranium_fce_head_features.npz::headers_flesh.npy::fl_epicanthic_NL_XLX_B_F,1525,exact,fl_epicanthic_NL_XLX_B_F,fl_epicanthic_NL_XLX_B_F,flesh,cache\cranium_fce_head_features.npz,headers_flesh.npy,[232],0
102,102,$.entries[102],-0.15343551020170865,13,True,flesh::cache\cranium_fce_head_features.npz::headers_flesh.npy::fl_epicanthic_NL_XLX_N_W,1525,exact,fl_epicanthic_NL_XLX_N_W,fl_epicanthic_NL_XLX_N_W,flesh,cache\cranium_fce_head_features.npz,headers_flesh.npy,[232],0
103,103,$.entries[103],0.11363273944875828,13,True,flesh::cache\cranium_fce_head_features.npz::headers_flesh.npy::fl_epicanthic_NR_XLX_D_U,1525,exact,fl_epicanthic_NR_XLX_D_U,fl_epicanthic_NR_XLX_D_U,flesh,cache\cranium_fce_head_features.npz,headers_flesh.npy,[232],0
104,104,$.entries[104],0.288767285694192,13,True,flesh::cache\cranium_fce_head_features.npz::headers_flesh.npy::fl_epicanthic_NR_XLX_R_A,1525,exact,fl_epicanthic_NR_XLX_R_A,fl_epicanthic_NR_XLX_R_A,flesh,cache\cranium_fce_head_features.npz,headers_flesh.npy,[232],0
105,105,$.entries[105],-0.016860807024495165,13,True,flesh::cache\cranium_fce_head_features.npz::headers_flesh.npy::fl_epicanthic_NR_XLX_B_F,1525,exact,fl_epicanthic_NR_XLX_B_F,fl_epicanthic_NR_XLX_B_F,flesh,cache\cranium_fce_head_features.npz,headers_flesh.npy,[232],0
106,106,$.entries[106],-0.1215193179990855,13,True,flesh::cache\cranium_fce_head_features.npz::headers_flesh.npy::fl_epicanthic_NR_XLX_N_W,1525,exact,fl_epicanthic_NR_XLX_N_W,fl_epicanthic_NR_XLX_N_W,flesh,cache\cranium_fce_head_features.npz,headers_flesh.npy,[232],0
107,107,$.entries[107],-0.003877309670667417,13,True,flesh::cache\cranium_fce_head_features.npz::headers_flesh.npy::fl_epicanthic_NL_XMX_D_U,1525,exact,fl_epicanthic_NL_XMX_D_U,fl_epicanthic_NL_XMX_D_U,flesh,cache\cranium_fce_head_features.npz,headers_flesh.npy,[232],0
108,108,$.entries[108],0.1534355804763217,13,True,flesh::cache\cranium_fce_head_features.npz::headers_flesh.npy::fl_epicanthic_NL_XMX_R_A,1525,exact,fl_epicanthic_NL_XMX_R_A,fl_epicanthic_NL_XMX_R_A,flesh,cache\cranium_fce_head_features.npz,headers_flesh.npy,[232],0
109,109,$.entries[109],0.22366604675417903,13,True,flesh::cache\cranium_fce_head_features.npz::headers_flesh.npy::fl_epicanthic_NL_XMX_B_F,1525,exact,fl_epicanthic_NL_XMX_B_F,fl_epicanthic_NL_XMX_B_F,flesh,cache\cranium_fce_head_features.npz,headers_flesh.npy,[232],0
110,110,$.entries[110],0.06245409881937146,13,True,flesh::cache\cranium_fce_head_features.npz::headers_flesh.npy::fl_epicanthic_NL_XMX_N_W,1525,exact,fl_epicanthic_NL_XMX_N_W,fl_epicanthic_NL_XMX_N_W,flesh,cache\cranium_fce_head_features.npz,headers_flesh.npy,[232],0
111,111,$.entries[111],0.11971715100572924,13,True,flesh::cache\cranium_fce_head_features.npz::headers_flesh.npy::fl_epicanthic_NR_XMX_D_U,1525,exact,fl_epicanthic_NR_XMX_D_U,fl_epicanthic_NR_XMX_D_U,flesh,cache\cranium_fce_head_features.npz,headers_flesh.npy,[232],0
112,112,$.entries[112],0.12151913243046865,13,True,flesh::cache\cranium_fce_head_features.npz::headers_flesh.npy::fl_epicanthic_NR_XMX_R_A,1525,exact,fl_epicanthic_NR_XMX_R_A,fl_epicanthic_NR_XMX_R_A,flesh,cache\cranium_fce_head_features.npz,headers_flesh.npy,[232],0
113,113,$.entries[113],0.16697941206184796,13,True,flesh::cache\cranium_fce_head_features.npz::headers_flesh.npy::fl_epicanthic_NR_XMX_B_F,1525,exact,fl_epicanthic_NR_XMX_B_F,fl_epicanthic_NR_XMX_B_F,flesh,cache\cranium_fce_head_features.npz,headers_flesh.npy,[232],0
114,114,$.entries[114],-0.009814035446249033,13,True,flesh::cache\cranium_fce_head_features.npz::headers_flesh.npy::fl_epicanthic_NR_XMX_N_W,1525,exact,fl_epicanthic_NR_XMX_N_W,fl_epicanthic_NR_XMX_N_W,flesh,cache\cranium_fce_head_features.npz,headers_flesh.npy,[232],0
165,165,$.entries[165],0.11697297131012646,13,True,fat::cache\cranium_fce_head_features.npz::headers_fat.npy::fa_orbital_NL_SXX_L_M,1525,exact,fa_orbital_NL_SXX_L_M,fa_orbital_NL_SXX_L_M,fat,cache\cranium_fce_head_features.npz,headers_fat.npy,[184],0
166,166,$.entries[166],-0.03718978213136046,13,True,fat::cache\cranium_fce_head_features.npz::headers_fat.npy::fa_orbital_NL_SXX_D_U,1525,exact,fa_orbital_NL_SXX_D_U,fa_orbital_NL_SXX_D_U,fat,cache\cranium_fce_head_features.npz,headers_fat.npy,[184],0
167,167,$.entries[167],0.06517705290519286,13,True,fat::cache\cranium_fce_head_features.npz::headers_fat.npy::fa_orbital_NR_SXX_L_M,1525,exact,fa_orbital_NR_SXX_L_M,fa_orbital_NR_SXX_L_M,fat,cache\cranium_fce_head_features.npz,headers_fat.npy,[184],0
168,168,$.entries[168],0.038954783791875544,13,True,fat::cache\cranium_fce_head_features.npz::headers_fat.npy::fa_orbital_NR_SXX_D_U,1525,exact,fa_orbital_NR_SXX_D_U,fa_orbital_NR_SXX_D_U,fat,cache\cranium_fce_head_features.npz,headers_fat.npy,[184],0
169,169,$.entries[169],-0.28171968342272785,13,True,fat::cache\cranium_fce_head_features.npz::headers_fat.npy::fa_periorbital_NL_IXX_L_M,1525,exact,fa_periorbital_NL_IXX_L_M,fa_periorbital_NL_IXX_L_M,fat,cache\cranium_fce_head_features.npz,headers_fat.npy,[184],0
170,170,$.entries[170],0.2761873530060865,13,True,fat::cache\cranium_fce_head_features.npz::headers_fat.npy::fa_periorbital_NL_IXX_D_U,1525,exact,fa_periorbital_NL_IXX_D_U,fa_periorbital_NL_IXX_D_U,fat,cache\cranium_fce_head_features.npz,headers_fat.npy,[184],0
171,171,$.entries[171],-0.2610235674500586,13,True,fat::cache\cranium_fce_head_features.npz::headers_fat.npy::fa_periorbital_NR_IXX_L_M,1525,exact,fa_periorbital_NR_IXX_L_M,fa_periorbital_NR_IXX_L_M,fat,cache\cranium_fce_head_features.npz,headers_fat.npy,[184],0
172,172,$.entries[172],0.23981223378701502,13,True,fat::cache\cranium_fce_head_features.npz::headers_fat.npy::fa_periorbital_NR_IXX_D_U,1525,exact,fa_periorbital_NR_IXX_D_U,fa_periorbital_NR_IXX_D_U,fat,cache\cranium_fce_head_features.npz,headers_fat.npy,[184],0
173,173,$.entries[173],0.07142687690796559,13,True,fat::cache\cranium_fce_head_features.npz::headers_fat.npy::fa_orbital_NL_IXX_L_M,1525,exact,fa_orbital_NL_IXX_L_M,fa_orbital_NL_IXX_L_M,fat,cache\cranium_fce_head_features.npz,headers_fat.npy,[184],0
174,174,$.entries[174],0.03623249852700049,13,True,fat::cache\cranium_fce_head_features.npz::headers_fat.npy::fa_orbital_NL_IXX_D_U,1525,exact,fa_orbital_NL_IXX_D_U,fa_orbital_NL_IXX_D_U,fat,cache\cranium_fce_head_features.npz,headers_fat.npy,[184],0
175,175,$.entries[175],-0.006048096676118661,13,True,fat::cache\cranium_fce_head_features.npz::headers_fat.npy::fa_orbital_NR_IXX_L_M,1525,exact,fa_orbital_NR_IXX_L_M,fa_orbital_NR_IXX_L_M,fat,cache\cranium_fce_head_features.npz,headers_fat.npy,[184],0
176,176,$.entries[176],-0.049183879888442784,13,True,fat::cache\cranium_fce_head_features.npz::headers_fat.npy::fa_orbital_NR_IXX_D_U,1525,exact,fa_orbital_NR_IXX_D_U,fa_orbital_NR_IXX_D_U,fat,cache\cranium_fce_head_features.npz,headers_fat.npy,[184],0
238,238,$.entries[238],-0.09064195420464835,21,True,skeletal::cache\cranium_3d_landmark_training.npz::headers.npy::bs_maxilla_NL_SXX_D_U,1525,exact,bs_maxilla_NL_SXX_D_U,bs_maxilla_NL_SXX_D_U,skeletal,cache\cranium_3d_landmark_training.npz,headers.npy,[373],0
239,239,$.entries[239],-3.9571434982152646e-08,21,True,skeletal::cache\cranium_3d_landmark_training.npz::headers.npy::bs_maxilla_NL_SXX_R_A,1525,exact,bs_maxilla_NL_SXX_R_A,bs_maxilla_NL_SXX_R_A,skeletal,cache\cranium_3d_landmark_training.npz,headers.npy,[373],0
240,240,$.entries[240],-0.13067533765737616,21,True,skeletal::cache\cranium_3d_landmark_training.npz::headers.npy::bs_maxilla_NL_SXX_B_F,1525,exact,bs_maxilla_NL_SXX_B_F,bs_maxilla_NL_SXX_B_F,skeletal,cache\cranium_3d_landmark_training.npz,headers.npy,[373],0
241,241,$.entries[241],-1.0778361019018399e-07,21,True,skeletal::cache\cranium_3d_landmark_training.npz::headers.npy::bs_maxilla_NL_SXX_N_W,1525,exact,bs_maxilla_NL_SXX_N_W,bs_maxilla_NL_SXX_N_W,skeletal,cache\cranium_3d_landmark_training.npz,headers.npy,[373],0
242,242,$.entries[242],-0.11485366609575658,21,True,skeletal::cache\cranium_3d_landmark_training.npz::headers.npy::bs_maxilla_NR_SXX_D_U,1525,exact,bs_maxilla_NR_SXX_D_U,bs_maxilla_NR_SXX_D_U,skeletal,cache\cranium_3d_landmark_training.npz,headers.npy,[373],0
243,243,$.entries[243],1.254749268973426e-07,21,True,skeletal::cache\cranium_3d_landmark_training.npz::headers.npy::bs_maxilla_NR_SXX_R_A,1525,exact,bs_maxilla_NR_SXX_R_A,bs_maxilla_NR_SXX_R_A,skeletal,cache\cranium_3d_landmark_training.npz,headers.npy,[373],0
244,244,$.entries[244],-0.1647909776224577,21,True,skeletal::cache\cranium_3d_landmark_training.npz::headers.npy::bs_maxilla_NR_SXX_B_F,1525,exact,bs_maxilla_NR_SXX_B_F,bs_maxilla_NR_SXX_B_F,skeletal,cache\cranium_3d_landmark_training.npz,headers.npy,[373],0
245,245,$.entries[245],-1.854945375597239e-07,21,True,skeletal::cache\cranium_3d_landmark_training.npz::headers.npy::bs_maxilla_NR_SXX_N_W,1525,exact,bs_maxilla_NR_SXX_N_W,bs_maxilla_NR_SXX_N_W,skeletal,cache\cranium_3d_landmark_training.npz,headers.npy,[373],0
320,320,$.entries[320],-0.3163793211497217,21,True,skeletal::cache\cranium_3d_landmark_training.npz::headers.npy::bs_zygomaxilla_NL_XXX_D_U,1525,exact,bs_zygomaxilla_NL_XXX_D_U,bs_zygomaxilla_NL_XXX_D_U,skeletal,cache\cranium_3d_landmark_training.npz,headers.npy,[373],0
321,321,$.entries[321],0.17273652419000987,21,True,skeletal::cache\cranium_3d_landmark_training.npz::headers.npy::bs_zygomaxilla_NL_XXX_R_A,1525,exact,bs_zygomaxilla_NL_XXX_R_A,bs_zygomaxilla_NL_XXX_R_A,skeletal,cache\cranium_3d_landmark_training.npz,headers.npy,[373],0
322,322,$.entries[322],-0.12123177417528345,21,True,skeletal::cache\cranium_3d_landmark_training.npz::headers.npy::bs_zygomaxilla_NL_XXX_B_F,1525,exact,bs_zygomaxilla_NL_XXX_B_F,bs_zygomaxilla_NL_XXX_B_F,skeletal,cache\cranium_3d_landmark_training.npz,headers.npy,[373],0
323,323,$.entries[323],0.34307470360688,21,True,skeletal::cache\cranium_3d_landmark_training.npz::headers.npy::bs_zygomaxilla_NL_XXX_N_W,1525,exact,bs_zygomaxilla_NL_XXX_N_W,bs_zygomaxilla_NL_XXX_N_W,skeletal,cache\cranium_3d_landmark_training.npz,headers.npy,[373],0
324,324,$.entries[324],-0.3154852076702881,21,True,skeletal::cache\cranium_3d_landmark_training.npz::headers.npy::bs_zygomaxilla_NR_XXX_D_U,1525,exact,bs_zygomaxilla_NR_XXX_D_U,bs_zygomaxilla_NR_XXX_D_U,skeletal,cache\cranium_3d_landmark_training.npz,headers.npy,[373],0
325,325,$.entries[325],0.14118927235831555,21,True,skeletal::cache\cranium_3d_landmark_training.npz::headers.npy::bs_zygomaxilla_NR_XXX_R_A,1525,exact,bs_zygomaxilla_NR_XXX_R_A,bs_zygomaxilla_NR_XXX_R_A,skeletal,cache\cranium_3d_landmark_training.npz,headers.npy,[373],0
326,326,$.entries[326],-0.05440024925350851,21,True,skeletal::cache\cranium_3d_landmark_training.npz::headers.npy::bs_zygomaxilla_NR_XXX_B_F,1525,exact,bs_zygomaxilla_NR_XXX_B_F,bs_zygomaxilla_NR_XXX_B_F,skeletal,cache\cranium_3d_landmark_training.npz,headers.npy,[373],0
327,327,$.entries[327],0.3584360642056278,21,True,skeletal::cache\cranium_3d_landmark_training.npz::headers.npy::bs_zygomaxilla_NR_XXX_N_W,1525,exact,bs_zygomaxilla_NR_XXX_N_W,bs_zygomaxilla_NR_XXX_N_W,skeletal,cache\cranium_3d_landmark_training.npz,headers.npy,[373],0
328,328,$.entries[328],-0.05444471834189059,13,True,flesh::cache\cranium_fce_head_features.npz::headers_flesh.npy::fl_buccalRecess_NL_XXX_L_M,1525,exact,fl_buccalRecess_NL_XXX_L_M,fl_buccalRecess_NL_XXX_L_M,flesh,cache\cranium_fce_head_features.npz,headers_flesh.npy,[232],0
329,329,$.entries[329],0.1125311167967373,13,True,flesh::cache\cranium_fce_head_features.npz::headers_flesh.npy::fl_buccalRecess_NL_XXX_D_U,1525,exact,fl_buccalRecess_NL_XXX_D_U,fl_buccalRecess_NL_XXX_D_U,flesh,cache\cranium_fce_head_features.npz,headers_flesh.npy,[232],0
330,330,$.entries[330],0.004539034030632795,13,True,flesh::cache\cranium_fce_head_features.npz::headers_flesh.npy::fl_buccalRecess_NR_XXX_L_M,1525,exact,fl_buccalRecess_NR_XXX_L_M,fl_buccalRecess_NR_XXX_L_M,flesh,cache\cranium_fce_head_features.npz,headers_flesh.npy,[232],0
331,331,$.entries[331],0.15149165205487924,13,True,flesh::cache\cranium_fce_head_features.npz::headers_flesh.npy::fl_buccalRecess_NR_XXX_D_U,1525,exact,fl_buccalRecess_NR_XXX_D_U,fl_buccalRecess_NR_XXX_D_U,flesh,cache\cranium_fce_head_features.npz,headers_flesh.npy,[232],0
332,332,$.entries[332],0.054366010725401766,21,True,flesh::cache\cranium_3d_landmark_training.npz::headers.npy::fl_orbitalGroove_NL_IXX_L_M,1525,exact,fl_orbitalGroove_NL_IXX_L_M,fl_orbitalGroove_NL_IXX_L_M,flesh,cache\cranium_3d_landmark_training.npz,headers.npy,[373],0
333,333,$.entries[333],-0.0443273534017843,21,True,flesh::cache\cranium_3d_landmark_training.npz::headers.npy::fl_orbitalGroove_NR_IXX_L_M,1525,exact,fl_orbitalGroove_NR_IXX_L_M,fl_orbitalGroove_NR_IXX_L_M,flesh,cache\cranium_3d_landmark_training.npz,headers.npy,[373],0
334,334,$.entries[334],0.16086771372701628,21,True,flesh::cache\cranium_3d_landmark_training.npz::headers.npy::fl_nasojugalGroove_NL_XXX_L_M,1525,exact,fl_nasojugalGroove_NL_XXX_L_M,fl_nasojugalGroove_NL_XXX_L_M,flesh,cache\cranium_3d_landmark_training.npz,headers.npy,[373],0
335,335,$.entries[335],-0.007613022494621565,21,True,flesh::cache\cranium_3d_landmark_training.npz::headers.npy::fl_nasojugalGroove_NL_XXX_D_U,1525,exact,fl_nasojugalGroove_NL_XXX_D_U,fl_nasojugalGroove_NL_XXX_D_U,flesh,cache\cranium_3d_landmark_training.npz,headers.npy,[373],0
336,336,$.entries[336],0.20190178482813215,21,True,flesh::cache\cranium_3d_landmark_training.npz::headers.npy::fl_nasojugalGroove_NR_XXX_L_M,1525,exact,fl_nasojugalGroove_NR_XXX_L_M,fl_nasojugalGroove_NR_XXX_L_M,flesh,cache\cranium_3d_landmark_training.npz,headers.npy,[373],0
337,337,$.entries[337],-0.0096892203296181,21,True,flesh::cache\cranium_3d_landmark_training.npz::headers.npy::fl_nasojugalGroove_NR_XXX_D_U,1525,exact,fl_nasojugalGroove_NR_XXX_D_U,fl_nasojugalGroove_NR_XXX_D_U,flesh,cache\cranium_3d_landmark_training.npz,headers.npy,[373],0
338,338,$.entries[338],0.05148119275856218,21,True,flesh::cache\cranium_3d_landmark_training.npz::headers.npy::fl_nasolabialGroove_NL_SXX_L_M,1525,exact,fl_nasolabialGroove_NL_SXX_L_M,fl_nasolabialGroove_NL_SXX_L_M,flesh,cache\cranium_3d_landmark_training.npz,headers.npy,[373],0
339,339,$.entries[339],-0.05148119275856218,21,True,flesh::cache\cranium_3d_landmark_training.npz::headers.npy::fl_nasolabialGroove_NR_SXX_L_M,1525,exact,fl_nasolabialGroove_NR_SXX_L_M,fl_nasolabialGroove_NR_SXX_L_M,flesh,cache\cranium_3d_landmark_training.npz,headers.npy,[373],0
340,340,$.entries[340],1.3952372776712906e-07,13,True,flesh::cache\cranium_fce_head_features.npz::headers_flesh.npy::fl_buccomandibularGroove_NL_XXX_L,1525,exact,fl_buccomandibularGroove_NL_XXX_L,fl_buccomandibularGroove_NL_XXX_L,flesh,cache\cranium_fce_head_features.npz,headers_flesh.npy,[232],0
341,341,$.entries[341],1.8317001241874946e-07,13,True,flesh::cache\cranium_fce_head_features.npz::headers_flesh.npy::fl_buccomandibularGroove_NR_XXX_L,1525,exact,fl_buccomandibularGroove_NR_XXX_L,fl_buccomandibularGroove_NR_XXX_L,flesh,cache\cranium_fce_head_features.npz,headers_flesh.npy,[232],0
342,342,$.entries[342],0.3136731568624186,21,True,flesh::cache\cranium_3d_landmark_training.npz::headers.npy::fl_nasolabialGroove_NL_IXX_L,1525,exact,fl_nasolabialGroove_NL_IXX_L,fl_nasolabialGroove_NL_IXX_L,flesh,cache\cranium_3d_landmark_training.npz,headers.npy,[373],0
343,343,$.entries[343],0.31912261111669216,21,True,flesh::cache\cranium_3d_landmark_training.npz::headers.npy::fl_nasolabialGroove_NR_IXX_L,1525,exact,fl_nasolabialGroove_NR_IXX_L,fl_nasolabialGroove_NR_IXX_L,flesh,cache\cranium_3d_landmark_training.npz,headers.npy,[373],0
352,352,$.entries[352],0.22003228393412014,21,True,fat::cache\cranium_3d_landmark_training.npz::headers.npy::fa_jowl_NL_IXX_L_M,1525,exact,fa_jowl_NL_IXX_L_M,fa_jowl_NL_IXX_L_M,fat,cache\cranium_3d_landmark_training.npz,headers.npy,[373],0
353,353,$.entries[353],0.2617641666458951,21,True,fat::cache\cranium_3d_landmark_training.npz::headers.npy::fa_jowl_NL_IXX_D_U,1525,exact,fa_jowl_NL_IXX_D_U,fa_jowl_NL_IXX_D_U,fat,cache\cranium_3d_landmark_training.npz,headers.npy,[373],0
354,354,$.entries[354],0.19600267474835295,21,True,fat::cache\cranium_3d_landmark_training.npz::headers.npy::fa_jowl_NR_IXX_L_M,1525,exact,fa_jowl_NR_IXX_L_M,fa_jowl_NR_IXX_L_M,fat,cache\cranium_3d_landmark_training.npz,headers.npy,[373],0
355,355,$.entries[355],0.22705298795419793,21,True,fat::cache\cranium_3d_landmark_training.npz::headers.npy::fa_jowl_NR_IXX_D_U,1525,exact,fa_jowl_NR_IXX_D_U,fa_jowl_NR_IXX_D_U,fat,cache\cranium_3d_landmark_training.npz,headers.npy,[373],0
356,356,$.entries[356],0.09743439020578427,13,True,fat::cache\cranium_fce_head_features.npz::headers_fat.npy::fa_nasolabial_NL_SXX_L_M,1525,exact,fa_nasolabial_NL_SXX_L_M,fa_nasolabial_NL_SXX_L_M,fat,cache\cranium_fce_head_features.npz,headers_fat.npy,[184],0
357,357,$.entries[357],0.08382916411955108,13,True,fat::cache\cranium_fce_head_features.npz::headers_fat.npy::fa_nasolabial_NL_SXX_D_U,1525,exact,fa_nasolabial_NL_SXX_D_U,fa_nasolabial_NL_SXX_D_U,fat,cache\cranium_fce_head_features.npz,headers_fat.npy,[184],0
358,358,$.entries[358],0.038292013457737646,13,True,fat::cache\cranium_fce_head_features.npz::headers_fat.npy::fa_nasolabial_NR_SXX_L_M,1525,exact,fa_nasolabial_NR_SXX_L_M,fa_nasolabial_NR_SXX_L_M,fat,cache\cranium_fce_head_features.npz,headers_fat.npy,[184],0
359,359,$.entries[359],0.15505485831813237,13,True,fat::cache\cranium_fce_head_features.npz::headers_fat.npy::fa_nasolabial_NR_SXX_D_U,1525,exact,fa_nasolabial_NR_SXX_D_U,fa_nasolabial_NR_SXX_D_U,fat,cache\cranium_fce_head_features.npz,headers_fat.npy,[184],0
360,360,$.entries[360],-0.37215916043155045,13,True,fat::cache\cranium_fce_head_features.npz::headers_fat.npy::fa_nasolabial_NL_IXX_L_M,1525,exact,fa_nasolabial_NL_IXX_L_M,fa_nasolabial_NL_IXX_L_M,fat,cache\cranium_fce_head_features.npz,headers_fat.npy,[184],0
361,361,$.entries[361],0.346340146119748,13,True,fat::cache\cranium_fce_head_features.npz::headers_fat.npy::fa_nasolabial_NL_IXX_D_U,1525,exact,fa_nasolabial_NL_IXX_D_U,fa_nasolabial_NL_IXX_D_U,fat,cache\cranium_fce_head_features.npz,headers_fat.npy,[184],0
362,362,$.entries[362],-0.37215916043155045,13,True,fat::cache\cranium_fce_head_features.npz::headers_fat.npy::fa_nasolabial_NR_IXX_L_M,1525,exact,fa_nasolabial_NR_IXX_L_M,fa_nasolabial_NR_IXX_L_M,fat,cache\cranium_fce_head_features.npz,headers_fat.npy,[184],0
363,363,$.entries[363],0.34180487530710413,13,True,fat::cache\cranium_fce_head_features.npz::headers_fat.npy::fa_nasolabial_NR_IXX_D_U,1525,exact,fa_nasolabial_NR_IXX_D_U,fa_nasolabial_NR_IXX_D_U,fat,cache\cranium_fce_head_features.npz,headers_fat.npy,[184],0
364,364,$.entries[364],0.06206079135174333,21,True,fat::cache\cranium_3d_landmark_training.npz::headers.npy::fa_orbital_NL_XLX_L_M,1525,exact,fa_orbital_NL_XLX_L_M,fa_orbital_NL_XLX_L_M,fat,cache\cranium_3d_landmark_training.npz,headers.npy,[373],0
365,365,$.entries[365],-0.29281986341629973,21,True,fat::cache\cranium_3d_landmark_training.npz::headers.npy::fa_orbital_NL_XLX_D_U,1525,exact,fa_orbital_NL_XLX_D_U,fa_orbital_NL_XLX_D_U,fat,cache\cranium_3d_landmark_training.npz,headers.npy,[373],0
366,366,$.entries[366],-0.04360849476961151,21,True,fat::cache\cranium_3d_landmark_training.npz::headers.npy::fa_orbital_NR_XLX_L_M,1525,exact,fa_orbital_NR_XLX_L_M,fa_orbital_NR_XLX_L_M,fat,cache\cranium_3d_landmark_training.npz,headers.npy,[373],0
367,367,$.entries[367],-0.3339153602126731,21,True,fat::cache\cranium_3d_landmark_training.npz::headers.npy::fa_orbital_NR_XLX_D_U,1525,exact,fa_orbital_NR_XLX_D_U,fa_orbital_NR_XLX_D_U,fat,cache\cranium_3d_landmark_training.npz,headers.npy,[373],0
373,373,$.entries[373],-0.05168527550035558,21,True,skeletal::cache\cranium_3d_landmark_training.npz::headers.npy::bs_maxilla_NL_IXX_D_U,1525,exact,bs_maxilla_NL_IXX_D_U,bs_maxilla_NL_IXX_D_U,skeletal,cache\cranium_3d_landmark_training.npz,headers.npy,[373],0
374,374,$.entries[374],0.1391751632132545,21,True,skeletal::cache\cranium_3d_landmark_training.npz::headers.npy::bs_maxilla_NL_IXX_R_A,1525,exact,bs_maxilla_NL_IXX_R_A,bs_maxilla_NL_IXX_R_A,skeletal,cache\cranium_3d_landmark_training.npz,headers.npy,[373],0
375,375,$.entries[375],0.08850514370777368,21,True,skeletal::cache\cranium_3d_landmark_training.npz::headers.npy::bs_maxilla_NL_IXX_B_F,1525,exact,bs_maxilla_NL_IXX_B_F,bs_maxilla_NL_IXX_B_F,skeletal,cache\cranium_3d_landmark_training.npz,headers.npy,[373],0
376,376,$.entries[376],2.1199892140073758e-07,21,True,skeletal::cache\cranium_3d_landmark_training.npz::headers.npy::bs_maxilla_NL_IXX_N_W,1525,exact,bs_maxilla_NL_IXX_N_W,bs_maxilla_NL_IXX_N_W,skeletal,cache\cranium_3d_landmark_training.npz,headers.npy,[373],0
377,377,$.entries[377],-0.06568703716793786,21,True,skeletal::cache\cranium_3d_landmark_training.npz::headers.npy::bs_maxilla_NR_IXX_D_U,1525,exact,bs_maxilla_NR_IXX_D_U,bs_maxilla_NR_IXX_D_U,skeletal,cache\cranium_3d_landmark_training.npz,headers.npy,[373],0
378,378,$.entries[378],0.11006757605962729,21,True,skeletal::cache\cranium_3d_landmark_training.npz::headers.npy::bs_maxilla_NR_IXX_R_A,1525,exact,bs_maxilla_NR_IXX_R_A,bs_maxilla_NR_IXX_R_A,skeletal,cache\cranium_3d_landmark_training.npz,headers.npy,[373],0
379,379,$.entries[379],0.11216925290288543,21,True,skeletal::cache\cranium_3d_landmark_training.npz::headers.npy::bs_maxilla_NR_IXX_B_F,1525,exact,bs_maxilla_NR_IXX_B_F,bs_maxilla_NR_IXX_B_F,skeletal,cache\cranium_3d_landmark_training.npz,headers.npy,[373],0
380,380,$.entries[380],2.0765643048861817e-07,21,True,skeletal::cache\cranium_3d_landmark_training.npz::headers.npy::bs_maxilla_NR_IXX_N_W,1525,exact,bs_maxilla_NR_IXX_N_W,bs_maxilla_NR_IXX_N_W,skeletal,cache\cranium_3d_landmark_training.npz,headers.npy,[373],0
443,443,$.entries[443],-0.25229775135229654,21,True,flesh::cache\cranium_3d_landmark_training.npz::headers.npy::fl_philtrum_NN_XXX_D_U,1525,exact,fl_philtrum_NN_XXX_D_U,fl_philtrum_NN_XXX_D_U,flesh,cache\cranium_3d_landmark_training.npz,headers.npy,[373],0
444,444,$.entries[444],0.42347703192489455,21,True,flesh::cache\cranium_3d_landmark_training.npz::headers.npy::fl_philtrum_NN_XXX_R_A,1525,exact,fl_philtrum_NN_XXX_R_A,fl_philtrum_NN_XXX_R_A,flesh,cache\cranium_3d_landmark_training.npz,headers.npy,[373],0
445,445,$.entries[445],0.30654829427689184,21,True,flesh::cache\cranium_3d_landmark_training.npz::headers.npy::fl_philtrum_NN_XXX_B_F,1525,exact,fl_philtrum_NN_XXX_B_F,fl_philtrum_NN_XXX_B_F,flesh,cache\cranium_3d_landmark_training.npz,headers.npy,[373],0
446,446,$.entries[446],-0.3813636982945864,21,True,flesh::cache\cranium_3d_landmark_training.npz::headers.npy::fl_philtrum_NN_XXX_SL_SR,1525,exact,fl_philtrum_NN_XXX_SL_SR,fl_philtrum_NN_XXX_SL_SR,flesh,cache\cranium_3d_landmark_training.npz,headers.npy,[373],0
447,447,$.entries[447],0.33810310197221866,21,True,flesh::cache\cranium_3d_landmark_training.npz::headers.npy::fl_philtrum_NN_XXX_N_W,1525,exact,fl_philtrum_NN_XXX_N_W,fl_philtrum_NN_XXX_N_W,flesh,cache\cranium_3d_landmark_training.npz,headers.npy,[373],0
490,490,$.entries[490],0.25050159169258895,21,True,flesh::cache\cranium_3d_landmark_training.npz::headers.npy::fl_oromentalGroove_NL_XXX_L,1525,exact,fl_oromentalGroove_NL_XXX_L,fl_oromentalGroove_NL_XXX_L,flesh,cache\cranium_3d_landmark_training.npz,headers.npy,[373],0
491,491,$.entries[491],0.2675840484967323,21,True,flesh::cache\cranium_3d_landmark_training.npz::headers.npy::fl_oromentalGroove_NR_XXX_L,1525,exact,fl_oromentalGroove_NR_XXX_L,fl_oromentalGroove_NR_XXX_L,flesh,cache\cranium_3d_landmark_training.npz,headers.npy,[373],0
492,492,$.entries[492],0.2580625680018558,21,True,fat::cache\cranium_3d_landmark_training.npz::headers.npy::fa_jowl_NL_SXX_L_M,1525,exact,fa_jowl_NL_SXX_L_M,fa_jowl_NL_SXX_L_M,fat,cache\cranium_3d_landmark_training.npz,headers.npy,[373],0
493,493,$.entries[493],-0.15291448469611568,21,True,fat::cache\cranium_3d_landmark_training.npz::headers.npy::fa_jowl_NL_SXX_D_U,1525,exact,fa_jowl_NL_SXX_D_U,fa_jowl_NL_SXX_D_U,fat,cache\cranium_3d_landmark_training.npz,headers.npy,[373],0
494,494,$.entries[494],0.222087275527997,21,True,fat::cache\cranium_3d_landmark_training.npz::headers.npy::fa_jowl_NR_SXX_L_M,1525,exact,fa_jowl_NR_SXX_L_M,fa_jowl_NR_SXX_L_M,fat,cache\cranium_3d_landmark_training.npz,headers.npy,[373],0
495,495,$.entries[495],-0.09917651842649781,21,True,fat::cache\cranium_3d_landmark_training.npz::headers.npy::fa_jowl_NR_SXX_D_U,1525,exact,fa_jowl_NR_SXX_D_U,fa_jowl_NR_SXX_D_U,fat,cache\cranium_3d_landmark_training.npz,headers.npy,[373],0
508,508,$.entries[508],-6.220923707669152e-07,13,True,skeletal::cache\cranium_fce_head_features.npz::headers_skeletal.npy::bs_canine_NL_XXX_N,1525,exact,bs_canine_NL_XXX_N,bs_canine_NL_XXX_N,skeletal,cache\cranium_fce_head_features.npz,headers_skeletal.npy,[232],0
509,509,$.entries[509],-0.22868306688526235,13,True,skeletal::cache\cranium_fce_head_features.npz::headers_skeletal.npy::bs_canine_NL_XXX_D_U,1525,exact,bs_canine_NL_XXX_D_U,bs_canine_NL_XXX_D_U,skeletal,cache\cranium_fce_head_features.npz,headers_skeletal.npy,[232],0
510,510,$.entries[510],0.2299092739114515,13,True,skeletal::cache\cranium_fce_head_features.npz::headers_skeletal.npy::bs_canine_NL_XXX_SL_SR,1525,exact,bs_canine_NL_XXX_SL_SR,bs_canine_NL_XXX_SL_SR,skeletal,cache\cranium_fce_head_features.npz,headers_skeletal.npy,[232],0
511,511,$.entries[511],-6.55560232973374e-07,13,True,skeletal::cache\cranium_fce_head_features.npz::headers_skeletal.npy::bs_canine_NR_XXX_N,1525,exact,bs_canine_NR_XXX_N,bs_canine_NR_XXX_N,skeletal,cache\cranium_fce_head_features.npz,headers_skeletal.npy,[232],0
512,512,$.entries[512],-0.16640496142432298,13,True,skeletal::cache\cranium_fce_head_features.npz::headers_skeletal.npy::bs_canine_NR_XXX_D_U,1525,exact,bs_canine_NR_XXX_D_U,bs_canine_NR_XXX_D_U,skeletal,cache\cranium_fce_head_features.npz,headers_skeletal.npy,[232],0
513,513,$.entries[513],0.19617139858103896,13,True,skeletal::cache\cranium_fce_head_features.npz::headers_skeletal.npy::bs_canine_NR_XXX_SL_SR,1525,exact,bs_canine_NR_XXX_SL_SR,bs_canine_NR_XXX_SL_SR,skeletal,cache\cranium_fce_head_features.npz,headers_skeletal.npy,[232],0
514,514,$.entries[514],-0.21018490642507764,13,True,skeletal::cache\cranium_fce_head_features.npz::headers_skeletal.npy::bs_canine_NL_IXX_D_U,1525,exact,bs_canine_NL_IXX_D_U,bs_canine_NL_IXX_D_U,skeletal,cache\cranium_fce_head_features.npz,headers_skeletal.npy,[232],0
515,515,$.entries[515],5.376294971827527e-07,13,True,skeletal::cache\cranium_fce_head_features.npz::headers_skeletal.npy::bs_canine_NL_IXX_R,1525,exact,bs_canine_NL_IXX_R,bs_canine_NL_IXX_R,skeletal,cache\cranium_fce_head_features.npz,headers_skeletal.npy,[232],0
516,516,$.entries[516],-0.17893171604830596,13,True,skeletal::cache\cranium_fce_head_features.npz::headers_skeletal.npy::bs_canine_NR_IXX_D_U,1525,exact,bs_canine_NR_IXX_D_U,bs_canine_NR_IXX_D_U,skeletal,cache\cranium_fce_head_features.npz,headers_skeletal.npy,[232],0
517,517,$.entries[517],5.066839119985321e-07,13,True,skeletal::cache\cranium_fce_head_features.npz::headers_skeletal.npy::bs_canine_NR_IXX_R,1525,exact,bs_canine_NR_IXX_R,bs_canine_NR_IXX_R,skeletal,cache\cranium_fce_head_features.npz,headers_skeletal.npy,[232],0
518,518,$.entries[518],-4.220222616463388e-07,13,True,skeletal::cache\cranium_fce_head_features.npz::headers_skeletal.npy::bs_cuspid_NL_XXX_N,1525,exact,bs_cuspid_NL_XXX_N,bs_cuspid_NL_XXX_N,skeletal,cache\cranium_fce_head_features.npz,headers_skeletal.npy,[232],0
519,519,$.entries[519],-3.355057201416669e-07,13,True,skeletal::cache\cranium_fce_head_features.npz::headers_skeletal.npy::bs_cuspid_NL_XXX_SL_SR,1525,exact,bs_cuspid_NL_XXX_SL_SR,bs_cuspid_NL_XXX_SL_SR,skeletal,cache\cranium_fce_head_features.npz,headers_skeletal.npy,[232],0
520,520,$.entries[520],2.2649907039801185e-07,13,True,skeletal::cache\cranium_fce_head_features.npz::headers_skeletal.npy::bs_cuspid_NL_XXX_U,1525,exact,bs_cuspid_NL_XXX_U,bs_cuspid_NL_XXX_U,skeletal,cache\cranium_fce_head_features.npz,headers_skeletal.npy,[232],0
521,521,$.entries[521],-4.4794312377539484e-07,13,True,skeletal::cache\cranium_fce_head_features.npz::headers_skeletal.npy::bs_cuspid_NR_XXX_N,1525,exact,bs_cuspid_NR_XXX_N,bs_cuspid_NR_XXX_N,skeletal,cache\cranium_fce_head_features.npz,headers_skeletal.npy,[232],0
522,522,$.entries[522],-3.7964915219193304e-07,13,True,skeletal::cache\cranium_fce_head_features.npz::headers_skeletal.npy::bs_cuspid_NR_XXX_SL_SR,1525,exact,bs_cuspid_NR_XXX_SL_SR,bs_cuspid_NR_XXX_SL_SR,skeletal,cache\cranium_fce_head_features.npz,headers_skeletal.npy,[232],0
523,523,$.entries[523],1.376002316727929e-07,13,True,skeletal::cache\cranium_fce_head_features.npz::headers_skeletal.npy::bs_cuspid_NR_XXX_U,1525,exact,bs_cuspid_NR_XXX_U,bs_cuspid_NR_XXX_U,skeletal,cache\cranium_fce_head_features.npz,headers_skeletal.npy,[232],0
524,524,$.entries[524],0.11315554225877307,13,True,skeletal::cache\cranium_fce_head_features.npz::headers_skeletal.npy::bs_cuspid_NL_SXX_D_U,1525,exact,bs_cuspid_NL_SXX_D_U,bs_cuspid_NL_SXX_D_U,skeletal,cache\cranium_fce_head_features.npz,headers_skeletal.npy,[232],0
525,525,$.entries[525],0.0892901053592764,13,True,skeletal::cache\cranium_fce_head_features.npz::headers_skeletal.npy::bs_cuspid_NR_SXX_D_U,1525,exact,bs_cuspid_NR_SXX_D_U,bs_cuspid_NR_SXX_D_U,skeletal,cache\cranium_fce_head_features.npz,headers_skeletal.npy,[232],0
526,526,$.entries[526],-0.4108094597068608,13,True,skeletal::cache\cranium_fce_head_features.npz::headers_skeletal.npy::bs_incisor_NL_XLX_D_U,1525,exact,bs_incisor_NL_XLX_D_U,bs_incisor_NL_XLX_D_U,skeletal,cache\cranium_fce_head_features.npz,headers_skeletal.npy,[232],0
527,527,$.entries[527],-0.042791918664347894,13,True,skeletal::cache\cranium_fce_head_features.npz::headers_skeletal.npy::bs_incisor_NL_XLX_SL_SR,1525,exact,bs_incisor_NL_XLX_SL_SR,bs_incisor_NL_XLX_SL_SR,skeletal,cache\cranium_fce_head_features.npz,headers_skeletal.npy,[232],0
528,528,$.entries[528],-0.2967976530782147,13,True,skeletal::cache\cranium_fce_head_features.npz::headers_skeletal.npy::bs_incisor_NL_XLX_N_W,1525,exact,bs_incisor_NL_XLX_N_W,bs_incisor_NL_XLX_N_W,skeletal,cache\cranium_fce_head_features.npz,headers_skeletal.npy,[232],0
529,529,$.entries[529],-0.4068643602521159,13,True,skeletal::cache\cranium_fce_head_features.npz::headers_skeletal.npy::bs_incisor_NR_XLX_D_U,1525,exact,bs_incisor_NR_XLX_D_U,bs_incisor_NR_XLX_D_U,skeletal,cache\cranium_fce_head_features.npz,headers_skeletal.npy,[232],0
530,530,$.entries[530],0.07734774742483315,13,True,skeletal::cache\cranium_fce_head_features.npz::headers_skeletal.npy::bs_incisor_NR_XLX_SL_SR,1525,exact,bs_incisor_NR_XLX_SL_SR,bs_incisor_NR_XLX_SL_SR,skeletal,cache\cranium_fce_head_features.npz,headers_skeletal.npy,[232],0
531,531,$.entries[531],-0.30210788861421095,13,True,skeletal::cache\cranium_fce_head_features.npz::headers_skeletal.npy::bs_incisor_NR_XLX_N_W,1525,exact,bs_incisor_NR_XLX_N_W,bs_incisor_NR_XLX_N_W,skeletal,cache\cranium_fce_head_features.npz,headers_skeletal.npy,[232],0
532,532,$.entries[532],-0.3414835623665534,13,True,skeletal::cache\cranium_fce_head_features.npz::headers_skeletal.npy::bs_incisor_NL_ILX_D_U,1525,exact,bs_incisor_NL_ILX_D_U,bs_incisor_NL_ILX_D_U,skeletal,cache\cranium_fce_head_features.npz,headers_skeletal.npy,[232],0
533,533,$.entries[533],-1.3573259642820438e-07,13,True,skeletal::cache\cranium_fce_head_features.npz::headers_skeletal.npy::bs_incisor_NL_ILX_R,1525,exact,bs_incisor_NL_ILX_R,bs_incisor_NL_ILX_R,skeletal,cache\cranium_fce_head_features.npz,headers_skeletal.npy,[232],0
534,534,$.entries[534],-0.33178353015110534,13,True,skeletal::cache\cranium_fce_head_features.npz::headers_skeletal.npy::bs_incisor_NR_ILX_D_U,1525,exact,bs_incisor_NR_ILX_D_U,bs_incisor_NR_ILX_D_U,skeletal,cache\cranium_fce_head_features.npz,headers_skeletal.npy,[232],0
535,535,$.entries[535],-5.7857643412052534e-08,13,True,skeletal::cache\cranium_fce_head_features.npz::headers_skeletal.npy::bs_incisor_NR_ILX_R,1525,exact,bs_incisor_NR_ILX_R,bs_incisor_NR_ILX_R,skeletal,cache\cranium_fce_head_features.npz,headers_skeletal.npy,[232],0
536,536,$.entries[536],0.06181354248659264,13,True,skeletal::cache\cranium_fce_head_features.npz::headers_skeletal.npy::bs_incisor_NL_XMX_D_U,1525,exact,bs_incisor_NL_XMX_D_U,bs_incisor_NL_XMX_D_U,skeletal,cache\cranium_fce_head_features.npz,headers_skeletal.npy,[232],0
537,537,$.entries[537],-0.08726348831251457,13,True,skeletal::cache\cranium_fce_head_features.npz::headers_skeletal.npy::bs_incisor_NL_XMX_SL_SR,1525,exact,bs_incisor_NL_XMX_SL_SR,bs_incisor_NL_XMX_SL_SR,skeletal,cache\cranium_fce_head_features.npz,headers_skeletal.npy,[232],0
538,538,$.entries[538],-0.03562244553399957,13,True,skeletal::cache\cranium_fce_head_features.npz::headers_skeletal.npy::bs_incisor_NL_XMX_N_W,1525,exact,bs_incisor_NL_XMX_N_W,bs_incisor_NL_XMX_N_W,skeletal,cache\cranium_fce_head_features.npz,headers_skeletal.npy,[232],0
539,539,$.entries[539],-0.05633149874792459,13,True,skeletal::cache\cranium_fce_head_features.npz::headers_skeletal.npy::bs_incisor_NR_XMX_D_U,1525,exact,bs_incisor_NR_XMX_D_U,bs_incisor_NR_XMX_D_U,skeletal,cache\cranium_fce_head_features.npz,headers_skeletal.npy,[232],0
540,540,$.entries[540],-0.14320834534992102,13,True,skeletal::cache\cranium_fce_head_features.npz::headers_skeletal.npy::bs_incisor_NR_XMX_SL_SR,1525,exact,bs_incisor_NR_XMX_SL_SR,bs_incisor_NR_XMX_SL_SR,skeletal,cache\cranium_fce_head_features.npz,headers_skeletal.npy,[232],0
541,541,$.entries[541],0.08139214361053457,13,True,skeletal::cache\cranium_fce_head_features.npz::headers_skeletal.npy::bs_incisor_NR_XMX_N_W,1525,exact,bs_incisor_NR_XMX_N_W,bs_incisor_NR_XMX_N_W,skeletal,cache\cranium_fce_head_features.npz,headers_skeletal.npy,[232],0
542,542,$.entries[542],-0.29391076172982755,13,True,skeletal::cache\cranium_fce_head_features.npz::headers_skeletal.npy::bs_incisor_NL_IMX_D_U,1525,exact,bs_incisor_NL_IMX_D_U,bs_incisor_NL_IMX_D_U,skeletal,cache\cranium_fce_head_features.npz,headers_skeletal.npy,[232],0
543,543,$.entries[543],9.767340086593758e-08,13,True,skeletal::cache\cranium_fce_head_features.npz::headers_skeletal.npy::bs_incisor_NL_IMX_R,1525,exact,bs_incisor_NL_IMX_R,bs_incisor_NL_IMX_R,skeletal,cache\cranium_fce_head_features.npz,headers_skeletal.npy,[232],0
544,544,$.entries[544],-0.30781886392929164,13,True,skeletal::cache\cranium_fce_head_features.npz::headers_skeletal.npy::bs_incisor_NR_IMX_D_U,1525,exact,bs_incisor_NR_IMX_D_U,bs_incisor_NR_IMX_D_U,skeletal,cache\cranium_fce_head_features.npz,headers_skeletal.npy,[232],0
545,545,$.entries[545],4.359192630138442e-08,13,True,skeletal::cache\cranium_fce_head_features.npz::headers_skeletal.npy::bs_incisor_NR_IMX_R,1525,exact,bs_incisor_NR_IMX_R,bs_incisor_NR_IMX_R,skeletal,cache\cranium_fce_head_features.npz,headers_skeletal.npy,[232],0
562,562,$.entries[562],1.8448577915608334e-07,13,True,skeletal::cache\cranium_fce_head_features.npz::headers_skeletal.npy::bs_molars_NL_XXX_D_U,1525,exact,bs_molars_NL_XXX_D_U,bs_molars_NL_XXX_D_U,skeletal,cache\cranium_fce_head_features.npz,headers_skeletal.npy,[232],0
563,563,$.entries[563],3.505083991255987e-08,13,True,skeletal::cache\cranium_fce_head_features.npz::headers_skeletal.npy::bs_molars_NR_XXX_D_U,1525,exact,bs_molars_NR_XXX_D_U,bs_molars_NR_XXX_D_U,skeletal,cache\cranium_fce_head_features.npz,headers_skeletal.npy,[232],0
578,578,$.entries[578],1.8311924059663903e-08,21,True,flesh::cache\cranium_3d_landmark_training.npz::headers.npy::fl_mandibularGroove_NL_XXX_L,1525,exact,fl_mandibularGroove_NL_XXX_L,fl_mandibularGroove_NL_XXX_L,flesh,cache\cranium_3d_landmark_training.npz,headers.npy,[373],0
579,579,$.entries[579],-1.904232803875451e-08,21,True,flesh::cache\cranium_3d_landmark_training.npz::headers.npy::fl_mandibularGroove_NR_XXX_L,1525,exact,fl_mandibularGroove_NR_XXX_L,fl_mandibularGroove_NR_XXX_L,flesh,cache\cranium_3d_landmark_training.npz,headers.npy,[373],0
580,580,$.entries[580],-0.34612540502030975,13,True,fat::cache\cranium_fce_head_features.npz::headers_fat.npy::fa_mental_NN_XXX_L_M,1525,exact,fa_mental_NN_XXX_L_M,fa_mental_NN_XXX_L_M,fat,cache\cranium_fce_head_features.npz,headers_fat.npy,[184],0
581,581,$.entries[581],0.4321906480162701,13,True,fat::cache\cranium_fce_head_features.npz::headers_fat.npy::fa_mental_NN_XXX_D_U,1525,exact,fa_mental_NN_XXX_D_U,fa_mental_NN_XXX_D_U,fat,cache\cranium_fce_head_features.npz,headers_fat.npy,[184],0
582,582,$.entries[582],-0.3156966059310455,13,True,fat::cache\cranium_fce_head_features.npz::headers_fat.npy::fa_mental_NN_IXX_L_M,1525,exact,fa_mental_NN_IXX_L_M,fa_mental_NN_IXX_L_M,fat,cache\cranium_fce_head_features.npz,headers_fat.npy,[184],0
583,583,$.entries[583],0.3229653594211919,13,True,fat::cache\cranium_fce_head_features.npz::headers_fat.npy::fa_mental_NN_IXX_D_U,1525,exact,fa_mental_NN_IXX_D_U,fa_mental_NN_IXX_D_U,fat,cache\cranium_fce_head_features.npz,headers_fat.npy,[184],0
584,584,$.entries[584],0.23277871725497298,21,True,skeletal::cache\cranium_3d_landmark_training.npz::headers.npy::bs_mandible_NL_XXP_D_U,1525,exact,bs_mandible_NL_XXP_D_U,bs_mandible_NL_XXP_D_U,skeletal,cache\cranium_3d_landmark_training.npz,headers.npy,[373],0
585,585,$.entries[585],0.26811796206443717,21,True,skeletal::cache\cranium_3d_landmark_training.npz::headers.npy::bs_mandible_NL_XXP_R_A,1525,exact,bs_mandible_NL_XXP_R_A,bs_mandible_NL_XXP_R_A,skeletal,cache\cranium_3d_landmark_training.npz,headers.npy,[373],0
586,586,$.entries[586],-0.19452242037918302,21,True,skeletal::cache\cranium_3d_landmark_training.npz::headers.npy::bs_mandible_NL_XXP_B_F,1525,exact,bs_mandible_NL_XXP_B_F,bs_mandible_NL_XXP_B_F,skeletal,cache\cranium_3d_landmark_training.npz,headers.npy,[373],0
587,587,$.entries[587],0.05050711374734208,21,True,skeletal::cache\cranium_3d_landmark_training.npz::headers.npy::bs_mandible_NL_XXP_N_W,1525,exact,bs_mandible_NL_XXP_N_W,bs_mandible_NL_XXP_N_W,skeletal,cache\cranium_3d_landmark_training.npz,headers.npy,[373],0
588,588,$.entries[588],0.2876872286359198,21,True,skeletal::cache\cranium_3d_landmark_training.npz::headers.npy::bs_mandible_NR_XXP_D_U,1525,exact,bs_mandible_NR_XXP_D_U,bs_mandible_NR_XXP_D_U,skeletal,cache\cranium_3d_landmark_training.npz,headers.npy,[373],0
589,589,$.entries[589],0.2306854966762106,21,True,skeletal::cache\cranium_3d_landmark_training.npz::headers.npy::bs_mandible_NR_XXP_R_A,1525,exact,bs_mandible_NR_XXP_R_A,bs_mandible_NR_XXP_R_A,skeletal,cache\cranium_3d_landmark_training.npz,headers.npy,[373],0
590,590,$.entries[590],-0.2425607760430998,21,True,skeletal::cache\cranium_3d_landmark_training.npz::headers.npy::bs_mandible_NR_XXP_B_F,1525,exact,bs_mandible_NR_XXP_B_F,bs_mandible_NR_XXP_B_F,skeletal,cache\cranium_3d_landmark_training.npz,headers.npy,[373],0
591,591,$.entries[591],0.06419372258495067,21,True,skeletal::cache\cranium_3d_landmark_training.npz::headers.npy::bs_mandible_NR_XXP_N_W,1525,exact,bs_mandible_NR_XXP_N_W,bs_mandible_NR_XXP_N_W,skeletal,cache\cranium_3d_landmark_training.npz,headers.npy,[373],0
592,592,$.entries[592],0.004912355533540494,21,True,skeletal::cache\cranium_3d_landmark_training.npz::headers.npy::bs_mandible_NL_SXA_D_U,1525,exact,bs_mandible_NL_SXA_D_U,bs_mandible_NL_SXA_D_U,skeletal,cache\cranium_3d_landmark_training.npz,headers.npy,[373],0
593,593,$.entries[593],1.3842049832859227e-07,21,True,skeletal::cache\cranium_3d_landmark_training.npz::headers.npy::bs_mandible_NL_SXA_R_A,1525,exact,bs_mandible_NL_SXA_R_A,bs_mandible_NL_SXA_R_A,skeletal,cache\cranium_3d_landmark_training.npz,headers.npy,[373],0
594,594,$.entries[594],0.17760674736939538,21,True,skeletal::cache\cranium_3d_landmark_training.npz::headers.npy::bs_mandible_NL_SXA_B_F,1525,exact,bs_mandible_NL_SXA_B_F,bs_mandible_NL_SXA_B_F,skeletal,cache\cranium_3d_landmark_training.npz,headers.npy,[373],0
595,595,$.entries[595],0.3738368355519551,21,True,skeletal::cache\cranium_3d_landmark_training.npz::headers.npy::bs_mandible_NL_SXA_N_W,1525,exact,bs_mandible_NL_SXA_N_W,bs_mandible_NL_SXA_N_W,skeletal,cache\cranium_3d_landmark_training.npz,headers.npy,[373],0
596,596,$.entries[596],0.0062519861490839875,21,True,skeletal::cache\cranium_3d_landmark_training.npz::headers.npy::bs_mandible_NR_SXA_D_U,1525,exact,bs_mandible_NR_SXA_D_U,bs_mandible_NR_SXA_D_U,skeletal,cache\cranium_3d_landmark_training.npz,headers.npy,[373],0
597,597,$.entries[597],1.3377000274842774e-07,21,True,skeletal::cache\cranium_3d_landmark_training.npz::headers.npy::bs_mandible_NR_SXA_R_A,1525,exact,bs_mandible_NR_SXA_R_A,bs_mandible_NR_SXA_R_A,skeletal,cache\cranium_3d_landmark_training.npz,headers.npy,[373],0
598,598,$.entries[598],0.2222264990849674,21,True,skeletal::cache\cranium_3d_landmark_training.npz::headers.npy::bs_mandible_NR_SXA_B_F,1525,exact,bs_mandible_NR_SXA_B_F,bs_mandible_NR_SXA_B_F,skeletal,cache\cranium_3d_landmark_training.npz,headers.npy,[373],0
599,599,$.entries[599],0.34980876418215523,21,True,skeletal::cache\cranium_3d_landmark_training.npz::headers.npy::bs_mandible_NR_SXA_N_W,1525,exact,bs_mandible_NR_SXA_N_W,bs_mandible_NR_SXA_N_W,skeletal,cache\cranium_3d_landmark_training.npz,headers.npy,[373],0
600,600,$.entries[600],-7.791398377175197e-10,21,True,skeletal::cache\cranium_3d_landmark_training.npz::headers.npy::bs_mandible_NL_IXA_D_U,1525,exact,bs_mandible_NL_IXA_D_U,bs_mandible_NL_IXA_D_U,skeletal,cache\cranium_3d_landmark_training.npz,headers.npy,[373],0
601,601,$.entries[601],-0.15327182741179585,21,True,skeletal::cache\cranium_3d_landmark_training.npz::headers.npy::bs_mandible_NL_IXA_R_A,1525,exact,bs_mandible_NL_IXA_R_A,bs_mandible_NL_IXA_R_A,skeletal,cache\cranium_3d_landmark_training.npz,headers.npy,[373],0
602,602,$.entries[602],-8.662132300622013e-08,21,True,skeletal::cache\cranium_3d_landmark_training.npz::headers.npy::bs_mandible_NL_IXA_B_F,1525,exact,bs_mandible_NL_IXA_B_F,bs_mandible_NL_IXA_B_F,skeletal,cache\cranium_3d_landmark_training.npz,headers.npy,[373],0
603,603,$.entries[603],1.1817482817533206e-10,21,True,skeletal::cache\cranium_3d_landmark_training.npz::headers.npy::bs_mandible_NL_IXA_N_W,1525,exact,bs_mandible_NL_IXA_N_W,bs_mandible_NL_IXA_N_W,skeletal,cache\cranium_3d_landmark_training.npz,headers.npy,[373],0
604,604,$.entries[604],-5.83202242572303e-10,21,True,skeletal::cache\cranium_3d_landmark_training.npz::headers.npy::bs_mandible_NR_IXA_D_U,1525,exact,bs_mandible_NR_IXA_D_U,bs_mandible_NR_IXA_D_U,skeletal,cache\cranium_3d_landmark_training.npz,headers.npy,[373],0
605,605,$.entries[605],-0.12138752549545631,21,True,skeletal::cache\cranium_3d_landmark_training.npz::headers.npy::bs_mandible_NR_IXA_R_A,1525,exact,bs_mandible_NR_IXA_R_A,bs_mandible_NR_IXA_R_A,skeletal,cache\cranium_3d_landmark_training.npz,headers.npy,[373],0
606,606,$.entries[606],-6.811716360951827e-08,21,True,skeletal::cache\cranium_3d_landmark_training.npz::headers.npy::bs_mandible_NR_IXA_B_F,1525,exact,bs_mandible_NR_IXA_B_F,bs_mandible_NR_IXA_B_F,skeletal,cache\cranium_3d_landmark_training.npz,headers.npy,[373],0
607,607,$.entries[607],1.5040432676860443e-10,21,True,skeletal::cache\cranium_3d_landmark_training.npz::headers.npy::bs_mandible_NR_IXA_N_W,1525,exact,bs_mandible_NR_IXA_N_W,bs_mandible_NR_IXA_N_W,skeletal,cache\cranium_3d_landmark_training.npz,headers.npy,[373],0
608,608,$.entries[608],-0.04460625296064094,21,True,flesh::cache\cranium_3d_landmark_training.npz::headers.npy::mu_masseter_NL_XXX_L_M,1525,exact,mu_masseter_NL_XXX_L_M,mu_masseter_NL_XXX_L_M,flesh,cache\cranium_3d_landmark_training.npz,headers.npy,[373],0
609,609,$.entries[609],-0.12549406559707776,21,True,flesh::cache\cranium_3d_landmark_training.npz::headers.npy::mu_masseter_NR_XXX_L_M,1525,exact,mu_masseter_NR_XXX_L_M,mu_masseter_NR_XXX_L_M,flesh,cache\cranium_3d_landmark_training.npz,headers.npy,[373],0
610,610,$.entries[610],-0.1589776087055697,21,True,fat::cache\cranium_3d_landmark_training.npz::headers.npy::fa_submandibular_NL_XXX_L_M,1525,exact,fa_submandibular_NL_XXX_L_M,fa_submandibular_NL_XXX_L_M,fat,cache\cranium_3d_landmark_training.npz,headers.npy,[373],0
611,611,$.entries[611],0.11647421074080198,21,True,fat::cache\cranium_3d_landmark_training.npz::headers.npy::fa_submandibular_NL_XXX_D_U,1525,exact,fa_submandibular_NL_XXX_D_U,fa_submandibular_NL_XXX_D_U,fat,cache\cranium_3d_landmark_training.npz,headers.npy,[373],0
612,612,$.entries[612],-0.11835750897582757,21,True,fat::cache\cranium_3d_landmark_training.npz::headers.npy::fa_submandibular_NR_XXX_L_M,1525,exact,fa_submandibular_NR_XXX_L_M,fa_submandibular_NR_XXX_L_M,fat,cache\cranium_3d_landmark_training.npz,headers.npy,[373],0
613,613,$.entries[613],0.15423827700904666,21,True,fat::cache\cranium_3d_landmark_training.npz::headers.npy::fa_submandibular_NR_XXX_D_U,1525,exact,fa_submandibular_NR_XXX_D_U,fa_submandibular_NR_XXX_D_U,fat,cache\cranium_3d_landmark_training.npz,headers.npy,[373],0
614,614,$.entries[614],-0.0902133750529503,21,True,fat::cache\cranium_3d_landmark_training.npz::headers.npy::fa_submental_NL_XXX_L_M,1525,exact,fa_submental_NL_XXX_L_M,fa_submental_NL_XXX_L_M,fat,cache\cranium_3d_landmark_training.npz,headers.npy,[373],0
615,615,$.entries[615],0.08651533763318549,21,True,fat::cache\cranium_3d_landmark_training.npz::headers.npy::fa_submental_NL_XXX_D_U,1525,exact,fa_submental_NL_XXX_D_U,fa_submental_NL_XXX_D_U,fat,cache\cranium_3d_landmark_training.npz,headers.npy,[373],0
616,616,$.entries[616],-0.12711805870941464,21,True,fat::cache\cranium_3d_landmark_training.npz::headers.npy::fa_submental_NR_XXX_L_M,1525,exact,fa_submental_NR_XXX_L_M,fa_submental_NR_XXX_L_M,fat,cache\cranium_3d_landmark_training.npz,headers.npy,[373],0
617,617,$.entries[617],0.03265884075571305,21,True,fat::cache\cranium_3d_landmark_training.npz::headers.npy::fa_submental_NR_XXX_D_U,1525,exact,fa_submental_NR_XXX_D_U,fa_submental_NR_XXX_D_U,fat,cache\cranium_3d_landmark_training.npz,headers.npy,[373],0
